,Code Change,Metric 5,LOC,Bugs,Metric 6
version3.4,129027,846377.12,363,13,0.035812672
version3.0,8463,55477.28,229,93,0.406113537
version3.6.0,20627,135273.12,388,16,0.041237113
version3.5.0,1650,10784,364,40,0.10989011
Latest,95468,626230.08,388,48,0.12371134
