Version,Code Change,Metric 5,Lines Of code,Bugs,Metric 6
version2.1.1,1096,7149.76,39,1,0.025641026
version3.2.2,66438,435793.28,115,16,0.139130435
version4.1,4717,30903.52,122,18,0.147540984
version4.2,2768,181108.08,125,5,0.04
latest version,1260,8225.6,127,5,0.039370079
