Version,Code Change,Metric 5,LOC,Bugs,Metric 6
1.018,166558,1092580.48,134,0,0
1.019,271,1737.76,144,18,0.124703828
1.5.0,62907,412629.92,297,53,0.16719
