Version,Code Change,Metric 5,LOC,Bugs,Metric 6
1.018,,,134,0,0
1.019,,,144,18,0.124703828
1.5.0,,,297,53,0.16719
